{
  "aggregates": {
    "n_matched": 6,
    "delta_rtfx": {
      "mean": 1.8016666666666656,
      "median": 1.5649999999999977,
      "p90": 4.004999999999999
    },
    "delta_total_ms": {
      "mean": 12.150000000000007,
      "median": -8.299999999999997,
      "p90": 81.15
    },
    "delta_pre_ms": {
      "mean": -15.516666666666666,
      "median": -11.8
    },
    "delta_enc_ms": {
      "mean": 0.7200000000000045,
      "median": 0.5
    },
    "delta_dec_ms": {
      "mean": -0.6799999999999955,
      "median": 2.3000000000000114
    },
    "worst_rtfx_onnx": 1.15,
    "worst_rtfx_meljs": 1.07,
    "best_rtfx_onnx": 55.39,
    "best_rtfx_meljs": 58.84,
    "biggest_rtfx_regression": -0.25,
    "biggest_rtfx_improvement": 4.559999999999995
  },
  "duration_vs_performance": {
    "onnx": {
      "preprocess_ms": {
        "corr": 0.9994162739560635,
        "slope": 3.55357274800084,
        "intercept": 2.9126625051764576
      },
      "encoder_ms": {
        "corr": 0.9801606129286111,
        "slope": 4.039110800524462,
        "intercept": 61.55238126940301
      },
      "decoder_ms": {
        "corr": 0.9890222309604182,
        "slope": 8.330024756532564,
        "intercept": 17.35333083386486
      },
      "total_ms": {
        "corr": -0.057264945278300915,
        "slope": -3.193433115502557,
        "intercept": 663.3187039031029
      },
      "rtfx_total": {
        "corr": 0.8056650818434018,
        "slope": 1.204331061472119,
        "intercept": 15.825262108141164
      },
      "ms_per_sec_pre": {
        "corr": -0.598922758336536,
        "slope": -0.02699995484707277,
        "intercept": 4.508666555319544
      },
      "ms_per_sec_enc": {
        "corr": -0.6362438270387343,
        "slope": -1.0952498564293505,
        "intercept": 38.389193241736045
      },
      "ms_per_sec_dec": {
        "corr": -0.624413449136412,
        "slope": -0.14936155423624112,
        "intercept": 13.649649867808533
      },
      "ms_per_sec_total": {
        "corr": -0.3731353859664169,
        "slope": -8.778512390638019,
        "intercept": 284.04004250785056
      }
    },
    "meljs": {
      "preprocess_ms": {
        "corr": 0.9989771956762741,
        "slope": 2.460617384590977,
        "intercept": 0.7045489802972074
      },
      "encoder_ms": {
        "corr": 0.987534596177156,
        "slope": 4.001228425845863,
        "intercept": 62.80667428187004
      },
      "decoder_ms": {
        "corr": 0.9957928701073971,
        "slope": 8.296652620758605,
        "intercept": 17.14401143682075
      },
      "total_ms": {
        "corr": -0.09617031412630418,
        "slope": -5.803236258271118,
        "intercept": 707.2474068382148
      },
      "rtfx_total": {
        "corr": 0.8049449338492038,
        "slope": 1.2997492006757996,
        "intercept": 16.46505389977101
      },
      "ms_per_sec_pre": {
        "corr": -0.4000132356792731,
        "slope": -0.016039265171269485,
        "intercept": 2.943752954292994
      },
      "ms_per_sec_enc": {
        "corr": -0.6322336890579217,
        "slope": -1.091667976732162,
        "intercept": 38.34217738729203
      },
      "ms_per_sec_dec": {
        "corr": -0.6407128286704278,
        "slope": -0.20751023731662707,
        "intercept": 15.193439354122669
      },
      "ms_per_sec_total": {
        "corr": -0.37121351518006707,
        "slope": -9.400713027037503,
        "intercept": 301.5352647964675
      }
    }
  }
}